rank,clonotype_id,patient_id,TRBV,TRBJ,CDR3b,TRAV,TRAJ,CDR3a,subset,y,yy,x,xx
1,ELAG1,p1,TRBV6-2,TRBJ2-7,CASTDSPGLAGGYEQYF,TRAV12-2,TRAJ45,CGVSGGGADGLTF,CD8,QKEVEQNSGPLSVPEGAIASLNCTYSDRGSQSFFWYRQYSGKSPELIMFIYSNGDKEDGRFTAQLNKASQYVSLLIRDSQPSDSATYL,GKGTHLIIQP,NAGVTQTPKFRVLKTGQSMTLLCAQDMNHEYMYWYRQDPGMGLRLIHYSVGEGTTAKGEVPDGYNVSRLKKQNFLLGLESAAPSQTSVYF,GPGTRLTVT
2,ELAG2,p1,TRBV28,TRBJ1-5,CASRGTGLGNQPQHF,TRAV12-2,TRAJ31,CAGNNARLMF,CD8,QKEVEQNSGPLSVPEGAIASLNCTYSDRGSQSFFWYRQYSGKSPELIMFIYSNGDKEDGRFTAQLNKASQYVSLLIRDSQPSDSATYL,GDGTQLVVKP,DVKVTQSSRYLVKRTGEKVFLECVQDMDHENMFWYRQDPGLGLRLIYFSYDVKMKEKGDIPEGYSVSREKKERFSLILESASTNQTSMYL,GDGTRLSIL
3,ELAG3,p1,TRBV7-2,TRBJ2-7,CASSLNDFYEQYF,TRAV12-2,TRAJ17,CAVKNAGNKLTF,CD8,QKEVEQNSGPLSVPEGAIASLNCTYSDRGSQSFFWYRQYSGKSPELIMFIYSNGDKEDGRFTAQLNKASQYVSLLIRDSQPSDSATYL,GGGTRVLVKP,GAGVSQSPSNKVTEKGKDVELRCDPISGHTALYWYRQSLGQGLEFLIYFQGNSAPDKSGLPSDRFSAERTGGSVSTLTIQRTQQEDSAVYL,GPGTRLTVT
4,ELAG4,p1,TRBV20-1,TRBJ2-7,CSARVETSGIHEQYF,TRAV12-2,TRAJ11,CASSWGGYSTLTF,CD8,QKEVEQNSGPLSVPEGAIASLNCTYSDRGSQSFFWYRQYSGKSPELIMFIYSNGDKEDGRFTAQLNKASQYVSLLIRDSQPSDSATYL,GKGTMLLVSP,GAVVSQHPSWVICKSGTSVKIECRSLDFQATTMFWYRQFPKQSLMLMATSNEGSKATYEQGVEKDKFLINHASLTLSTLTVTSAHPEDSSFYI,GPGTRLTVT
,,,,,,,,,,,,,
,,,,,,,,,,,,,
,,,,,,,,,,,,,
,,,,,,,,,,,,,
,,,,,,,,,,,,,
,,,,,,,,,,,,,
,,,,,,,,,,,,,
,,,,,,,,,,,,,
,,,,,,,,,,,,,
,,,,,,,,,,,,,